"LogPrediction","ActualLogSalePrice","LogResidual"
12.2192201333394,12.2476991163726,-0.028478983033196
12.1190448963703,12.1090164423137,0.0100284540565614
12.2387890866775,12.3171711672987,-0.0783820806212212
12.0720590976352,11.8494048444231,0.222654253212166
12.6324514179989,12.4292201968364,0.203231221162522
11.913424411871,11.8706069022246,0.0428175096464116
12.5961065366375,12.634606283893,-0.0384997472555106
12.2995783641354,12.2060776455177,0.0935007186176975
11.7766482853963,11.7745279008585,0.00212038453780039
11.7683539008816,11.6784483779882,0.0899055228934387
11.7649887962559,11.7714438820996,-0.00645508584369736
12.7868292463717,12.75130259456,0.0355266518116508
11.7975807173347,11.8775755229785,-0.0799948056438069
12.2911250779468,12.5407611493884,-0.249636071441637
11.9347719165208,11.9640074537369,-0.0292355372161204
11.8732028409625,11.7905647772974,0.0826380636650725
11.8931640486765,11.9117082963145,-0.0185442476379407
11.6157008085558,11.4075760603618,0.208124748193972
11.9444863531239,11.9766657704908,-0.0321794173669101
11.7830435524436,11.8422364063316,-0.0591928538879554
12.7353589609926,12.6925061865422,0.042852774450429
11.8139814666563,11.845109950884,-0.0311284842277182
12.3681918668629,12.345838935722,0.0223529311408868
11.7823509284633,11.7745279008585,0.00782302760482345
11.8774938703123,11.9447143748812,-0.0672205045688266
12.4633147211108,12.4541078140223,0.00920690708851524
11.7984534336173,11.8115548958305,-0.0131014622131307
12.6504744154287,12.631343648903,0.0191307665256435
12.1268221787447,12.2428914379184,-0.116069259173647
11.1031177439766,11.1346036226839,-0.0314858787073042
11.0381033764088,10.5966597327836,0.441443643625179
11.8504816096355,11.9140545193031,-0.0635729096676378
12.1803168199513,12.1001619785669,0.0801548413844042
12.0690926493609,12.0167325160771,0.0523601332838535
12.5601474109024,12.5335798157657,0.0265675951366457
12.6849798804733,12.6410997921206,0.0438800883526831
11.9047605343868,11.8844959179307,0.0202646164561404
11.9620153191084,11.9381997363009,0.0238155828074635
11.7887682339341,11.5991123354811,0.189655898452941
11.3649178369401,11.314486721294,0.0504311156461092
11.8891383124977,11.9829353441964,-0.0937970316987151
12.0432735744641,12.043559598368,-0.000286023903903754
11.8976673125476,11.8775755229785,0.0200917895691362
11.8076126771389,11.7772186371293,0.0303940400095577
11.8851725100814,11.8565222615337,0.0286502485476969
12.5781173925183,12.6757668519096,-0.0976494593913095
12.4083474947634,12.387089184492,0.0212583102714188
12.4518676613007,12.4280194810656,0.0238481802350652
11.5473784901561,11.6351519472128,-0.0877734570567821
11.7711874107099,11.7519502394255,0.0192371712844412
12.0667123415867,12.0839106612575,-0.0171983196707881
11.7331033297466,11.6483388355627,0.0847644941838652
11.49069001462,11.6082447356423,-0.117554721022364
12.86257107674,12.8610012106691,0.0015698660708896
11.753389551703,11.7752974217158,-0.0219078700127966
11.9819145010635,12.1034915969059,-0.121577095842468
12.2264293575001,12.0581583125382,0.168271044961937
12.179832944969,12.188422799337,-0.00858985436800985
13.0274702112419,12.9917557065369,0.0357145047050267
11.7511434564255,11.7352767024867,0.0158667539387185
12.0214708284941,11.970356641103,0.0511141873911019
11.3924893210457,11.5228856967645,-0.130396375718739
12.2484196012032,12.2185001037881,0.0299194974150581
11.8287436689923,11.8494048444231,-0.02066117543073
12.3301883961546,12.2991120672956,0.0310763288589992
12.6428590334148,12.6666602074286,-0.0238011740137427
12.2910935916721,12.1007176854125,0.190375906259598
12.2481957071221,12.3282947030234,-0.0800989959012757
11.3174529406403,11.2897944135779,0.0276585270624405
12.4021933526882,12.3238601256211,0.0783332270670325
12.3995913354427,12.4049276026276,-0.005336267184882
11.7276117956803,11.7714438820996,-0.043832086419302
12.1862032797057,12.1281165094513,0.0580867702544801
11.8875732260976,11.8838060295962,0.00376719650140878
11.5598836126388,11.5843247720005,-0.0244411593617269
11.4278629616769,11.4186257744496,0.00923718722734179
11.7011397657502,11.8185776042516,-0.117437838501331
11.7218932593844,11.7519502394255,-0.0300569800411168
11.6993027840304,11.8240872195876,-0.124784435557283
11.596788903758,11.6082447356423,-0.0114558318843585
12.1535310717687,12.1730379593973,-0.0195068876285909
12.0090255394024,11.9414623606461,0.067563178756286
12.4368489221037,12.4090175711512,0.027831350952523
11.7580087329949,11.7480054922568,0.0100032407380954
12.0530555400491,12.034696963475,0.0183585765740606
12.5276545922764,12.4684407561441,0.0592138361323311
12.0775521707285,12.0668163253066,0.0107358454218698
11.9877428945923,12.0106719281964,-0.0229290336041821
11.1192910280173,11.3504183001091,-0.231127272091824
11.7734248796274,11.7248139145879,0.0486109650395044
11.5621868716694,11.6073352395314,-0.04514836786195
11.6618668348073,11.4988366825271,0.163030152280145
11.9547277377451,12.0045743855087,-0.0498466477635606
11.9226728388871,11.8048559999113,0.11781683897582
12.1506302705912,12.2295498857083,-0.0789196151170586
12.101964954372,12.1281165094513,-0.0261515550792701
12.2963848579171,12.2737359668903,0.0226488910268277
11.6456814034864,11.4590076769787,0.186673726507726
11.288060238653,11.3266079348989,-0.0385476962459688
11.7473530540673,11.7671877662232,-0.0198347121558644
12.2518128491511,12.2307701361574,0.0210427129936583
12.0427483240709,12.089544447236,-0.0467961231650325
11.7129694849689,11.6865846111855,0.0263848737834103
12.199182356679,12.2005624924815,-0.00138013580255247
11.9373628215598,12.0406141054903,-0.103251283930426
12.432911834636,12.4292201968364,0.00369163779965653
11.5164408007205,11.5129354649202,0.00350533580025036
11.4952551024653,11.6526961029598,-0.157441000494467
11.6377174607019,11.6526961029598,-0.0149786422578533
12.1725289695545,12.1547846142867,0.0177443552678636
11.8011474805535,11.8270133158518,-0.0258658352982835
12.0762655689745,12.1007176854125,-0.0244521164379616
12.7238140236077,12.8583223078847,-0.134508284276995
12.2907788191522,12.2876572408069,0.00312157834529181
12.3271538112912,12.4665158351452,-0.139362023854019
12.0117186168294,12.0782449558223,-0.0665263389929081
11.7520465439409,11.8422364063316,-0.0901898623906234
11.8163122555456,11.9511868474935,-0.134874591947879
12.720524597462,12.676079399771,0.0444451976909388
12.0241781545147,12.0075668272517,0.0166113272630195
12.0585445172433,12.1007176854125,-0.0421731681692012
11.4630393467608,11.5129354649202,-0.0498961181594471
11.8452466246152,11.8204175176323,0.024829106982887
12.0073564743408,11.9440648175317,0.0632916568091471
12.0293148521515,12.1062578350946,-0.0769429829430326
11.2957244636737,11.3445186475948,-0.048794183921018
11.8014403530933,11.7597933553712,0.0416469977220384
11.3862565638054,11.3736748918235,0.0125816719818648
11.8732148522256,11.9511868474935,-0.0779719952678999
11.8562877944046,11.9183972397228,-0.062109445318276
12.2651345204439,12.3282947030234,-0.0631601825794643
12.268930511715,12.4049276026276,-0.135997090912591
11.908231451363,11.9233847480666,-0.0151532967036303
12.260138643839,12.3013873707787,-0.0412487269397577
12.0150276941953,12.1007176854125,-0.0856899912172064
12.0938285450286,12.0668163253066,0.0270122197220513
11.8870839553922,11.8706069022246,0.0164770531676126
12.1182013158772,12.0494246834209,0.0687766324563182
12.3974529546453,12.345838935722,0.0516140189233116
12.185467865803,12.3523394721535,-0.166871606350483
11.6148931106714,11.6526961029598,-0.0378029922883325
12.3920410639643,12.4684407561441,-0.0763996921797876
11.7762021602541,12.0197490914169,-0.243546931162825
12.263344367175,12.2258801747751,0.0374641923998507
11.8536322181989,11.7360770162524,0.117555201946463
11.7674350756069,11.7752974217158,-0.00786234610891867
11.6058338026192,11.5617251529038,0.0441086497153602
12.3057586425622,12.3126868749604,-0.00692823239813301
11.9772235597854,11.8565222615337,0.120701298251673
11.6279088323535,11.6526961029598,-0.024787270606252
11.8391177930271,11.7117845204031,0.127333272623972
12.7570692795075,12.8277318802065,-0.0706626006990181
12.1124850950614,12.1547846142867,-0.0422995192252547
12.2364291138603,12.3673450484364,-0.130915934576091
11.6153392820836,11.7360770162524,-0.120737734168886
11.2859203769195,11.2772157895969,0.00870458732262414
11.6299699916386,11.6036889606171,0.0262810310215382
12.5336291412588,12.5043273798994,0.0293017613593616
12.3949849565171,12.4486305134636,-0.0536455569465524
12.5184626433046,12.676079399771,-0.157616756466426
12.0397532001215,11.9984394345791,0.0413137655423572
12.9278823242557,12.9299939089964,-0.00211158474067297
12.4142415325132,12.3013873707787,0.112854161734514
11.4236019390745,11.5444338219051,-0.120831882830625
11.8908594509441,11.9316423787541,-0.0407829278100671
11.7179552152383,11.7558794866871,-0.037924271448837
12.1909285496288,12.1547846142867,0.0361439353421247
12.7736350272211,12.6935016914898,0.0801333357313734
12.1789309919852,12.1199753960532,0.058955595931959
12.3777287559047,12.3371052938919,0.0406234620127979
11.7504847781688,11.7636919653883,-0.0132071872194555
12.1440263223983,12.2783979582618,-0.134371635863495
12.2918115399042,12.3842230150053,-0.0924114751011231
11.9225344805022,12.0015116147394,-0.0789771342371672
12.2167403766408,12.122696471359,0.0940439052818558
12.2183645815614,12.4008208375406,-0.182456255979117
12.2963648394793,12.2596181517835,0.0367466876958229
11.9956959893401,12.0581583125382,-0.0624623231980692
13.0342571967314,13.1260326374287,-0.0917754406973064
11.6163077211314,11.5129354649202,0.103372256211122
12.0536678528451,12.0839106612575,-0.0302428084124475
12.1409654956057,12.2065775180606,-0.0656120224549142
11.706892370128,11.6952553550628,0.0116370150652081
12.1678534559626,12.2060776455177,-0.0382241895550894
11.7295749069126,11.7519502394255,-0.0223753325128797
12.8334012967686,13.0710721882777,-0.237670891509135
12.0908018874209,12.06105265381,0.0297492336108345
11.7229039356712,11.8130374648005,-0.0901335291293375
11.8539613782475,11.9403999141166,-0.0864385358691031
12.548894047704,12.5637505862994,-0.0148565385953443
12.6563350029839,12.6603310924059,-0.00399608942201546
12.0937840051818,12.122696471359,-0.0289124661771929
12.2045428551578,12.1652558593297,0.0392869958280961
11.89135415326,11.7752974217158,0.116056731544152
11.7770418294397,11.7519502394255,0.0250915900141973
11.9092847300422,11.908346971209,0.000937758833282842
12.597485603357,12.6503513326417,-0.0528657292847043
12.4071196316923,12.3673450484364,0.0397745832558911
11.6450532640348,11.5521557934619,0.0928974705729182
12.6390990636257,12.5241663118332,0.114932751792498
11.7674611148808,11.8494048444231,-0.0819437295422674
12.0006789128111,12.0523443764749,-0.0516654636638059
11.6240640824717,11.6262630788088,-0.00219899633714427
11.8912198689513,11.9117082963145,-0.0204884273631922
11.6445580141887,11.6082447356423,0.0363132785463307
12.1100310928976,12.1034915969059,0.00653949599169579
11.853472645127,11.8768808421216,-0.0234081969946303
11.8273579274568,11.8565222615337,-0.0291643340769348
12.41294020735,12.5317763952713,-0.118836187921296
11.9180892258613,11.8844959179307,0.033593307930639
11.4228082434757,11.4927329616823,-0.0699247182065399
11.9722259211027,12.133507329025,-0.16128140792231
12.3882371791094,12.43987518743,-0.0516380083205714
11.9182273013924,11.9576176964675,-0.0393903950751593
11.9600672174399,11.9938133947243,-0.0337461772843568
11.8495671007112,11.8089550993785,0.0406120013326667
12.2184337903453,12.254867571593,-0.0364337812476911
11.3671775999433,11.5805934591948,-0.213415859251437
12.4357592236061,12.6491578274774,-0.21339860387123
12.0894435308213,12.0271911648834,0.0622523659379031
12.2478896710642,12.2302822146446,0.0176074564196043
12.222959369216,12.2060776455177,0.0168817236983632
12.0832514083789,12.1001619785669,-0.0169105701879868
11.639668531298,11.4824765667107,0.157191964587232
12.8869829878882,12.8642426961875,0.022740291700666
11.4418230235296,11.6262630788088,-0.184440055279213
12.5314990523569,12.5776396502326,-0.0461405978756968
11.4999292783532,11.571203807012,-0.0712745286587548
11.7134622125134,11.7360770162524,-0.0226148037390583
12.1634858238745,12.1678566275017,-0.00437080362721787
11.8506602599196,11.9049743094802,-0.0543140495606043
12.8260030894052,12.9066943223153,-0.0806912329101124
11.4502649154077,11.4563656954364,-0.00610078002868519
11.7885208818592,11.7613546237503,0.0271662581089043
12.229884382772,12.2853504453517,-0.0554660625796952
11.3790008087434,11.4020050773849,-0.02300426864144
12.1523848354264,12.1308155518507,0.0215692835757686
12.203736763971,12.1781925834156,0.0255441805554142
12.5637615923852,12.6698098064115,-0.106048214026242
11.7210953437447,11.6351519472128,0.0859433965318388
12.5010839684832,12.4780101705304,0.023073797952808
11.5647476160447,11.6127798496728,-0.0480322336280476
11.4050081722587,11.2772157895969,0.127792382661838
11.8008840046434,11.6952553550628,0.1056286495806
12.344050577465,12.2307701361574,0.113280441307591
12.2896935406778,12.3946288928529,-0.104935352175149
11.7826870066258,11.8277435040537,-0.0450564974278613
11.8845252783616,11.8494048444231,0.0351204339385216
12.1645740644479,12.1007176854125,0.0638563790354194
12.484898242636,12.5317763952713,-0.0468781526353013
11.2850333137554,11.2450590916246,0.0399742221308124
12.4867917545646,12.3673450484364,0.119446706128258
12.0498272077477,12.06105265381,-0.0112254460623173
11.961482524065,11.970356641103,-0.00887411703802599
11.9066710247947,11.8844959179307,0.022175106864065
12.3201538746962,12.345838935722,-0.0256850610257704
12.1720996656333,12.2428914379184,-0.0707917722851032
12.3090104027243,12.3013873707787,0.00762303194562719
12.243261651166,12.3523394721535,-0.109077820987489
11.5042355626529,11.4824765667107,0.0217589959421876
12.0054426378696,12.0782449558223,-0.0728023179527231
12.6240293407511,12.5281597678811,0.0958695728699244
11.9113543294799,11.9250417382917,-0.013687408811828
11.7276771493666,11.7752974217158,-0.047620272349187
11.2513503414681,11.1982284186668,0.0531219228012727
12.0977110875752,12.0754000198775,0.0223110676977125
12.1024927998479,12.1281165094513,-0.0256237096033374
12.047409644789,12.0979360579256,-0.0505264131365895
11.6290384574892,11.6994133306336,-0.0703748731443739
11.9208276510233,11.9049743094802,0.0158533415431403
12.4898766836064,12.4912553471553,-0.00137866354890548
12.2725135228104,12.3946288928529,-0.122115370042552
12.6284432024921,12.5776396502326,0.0508035522595058
11.9712266323178,11.8422364063316,0.128990225986216
11.7768001282939,11.7320690269832,0.0447311013107559
12.1473988182072,12.2307701361574,-0.083371317950272
12.1539776955618,12.2110651621532,-0.0570874665914527
11.7533524637222,11.8565222615337,-0.103169797811509
12.8769760176125,12.936754021718,-0.0597780041055671
12.3168648939792,12.1652558593297,0.151609034649532
12.2948576532903,12.3392958656744,-0.0444382123841187
12.1152080905729,12.1281165094513,-0.012908418878375
12.2467793176282,12.2428914379184,0.00388787970984339
12.4025538203518,12.4073835905343,-0.00482977018248221
12.1280970853393,12.0962633598645,0.0318337254747885
12.0288526009556,12.0118869877927,0.0169656131628741
12.0317169785312,11.9766657704908,0.0550512080404513
11.5137027017393,11.3851034570321,0.128599244707129
11.6865242990119,11.7117845204031,-0.0252602213912141
11.8767706661251,11.9419508374874,-0.0651801713623161
12.3792945406501,12.3597846577283,0.0195098829218008
11.727022588598,11.8196819584639,-0.0926593698659364
11.833813131766,11.7829602357419,0.0508528960240682
12.4006718558474,12.3673450484364,0.0333268074109636
12.0580003216812,12.0257550794049,0.0322452422762343
11.8681098010029,11.8671042962101,0.00100550479277217
11.8134304241559,11.9316423787541,-0.118211954598266
12.3321669027276,12.3842230150053,-0.052056112277663
12.070242725944,12.072546967175,-0.00230424123099127
11.9767271137205,11.9735161814278,0.00321093229268676
12.0280370439693,11.9640074537369,0.0640295902324279
12.5263826330016,12.4950076826937,0.0313749503078764
12.3149663677206,12.2307701361574,0.0841962315631459
11.8525086509083,11.9177303551825,-0.0652217042742418
12.6067049904739,12.5947340251467,0.0119709653271727
12.6337003087493,12.6310167991758,0.00268350957345476
12.3679168614786,12.3238601256211,0.0440567358574633
11.5154728057697,11.4020050773849,0.113467728384823
11.573631934658,11.3205656934614,0.253066241196594
12.8710944120036,12.7938620882062,0.0772323237973769
12.0840138202059,12.0173365595624,0.0666772606434769
11.8108065804246,11.7905647772974,0.0202418031272398
11.7397723065636,11.6944216812644,0.0453506252992337
12.5920116756307,12.8346839716157,-0.242672295985004
12.0454143422332,12.089544447236,-0.0441301050027612
12.144919702834,12.1468585908959,-0.00193888806196796
12.4627478052562,12.4684407561441,-0.00569295088791044
12.4663132850408,12.5061809416774,-0.039867656636531
12.6266352558336,12.4684407561441,0.158194499689504
12.1824159462512,12.1415394577117,0.0408764885395261
12.7761005048739,12.7444472862813,0.0316532185925738
12.7314685703774,12.7770550169707,-0.0455864465933029
12.530939278094,12.6148688659846,-0.0839295878906707
11.7079385287844,11.7454330366774,-0.0374945078929478
12.3837541847915,12.3966971373617,-0.0129429525702403
11.3421226629005,11.3736748918235,-0.0315522289230401
12.695165367412,12.6885018811895,0.00666348622253921
11.9020785437776,11.886218559372,0.0158599844056031
12.0808686798778,12.276069679344,-0.195200999466232
11.2504462985644,11.2644769261024,-0.0140306275379949
11.8299759953956,11.6868871754197,0.143088819975935
11.829116073863,11.8422364063316,-0.0131203324685725
12.5676624344978,12.5567330382639,0.0109293962339034
12.2199529428148,12.2404789031537,-0.020525960338885
12.1550829005955,12.1652558593297,-0.0101729587342163
12.2901743345452,12.3412632858416,-0.0510889512963555
12.8577800716343,12.8411324514879,0.0166476201464079
12.2633392914474,12.2737359668903,-0.0103966754428964
12.2421919422494,12.2185001037881,0.0236918384612554
11.9201337052832,11.9511868474935,-0.0310531422102365
12.3349061143327,12.220473454338,0.114432659994748
11.3473652186685,11.314486721294,0.032878497374492
11.340668794616,11.3794055008518,-0.0387367062358237
12.5408537746078,12.4912553471553,0.0495984274524943
11.3201947634607,11.3504183001091,-0.0302235366483909
11.8214889453924,11.8508323862248,-0.0293434408324504
11.8468932212035,11.9283475045698,-0.0814542833663179
12.0491835281282,11.967187086434,0.0819964416941481
12.1668378458679,11.9447143748812,0.222123470986709
13.0315964342455,12.9880431022652,0.0435533319803003
12.6048274255339,12.6700016113119,-0.0651741857779431
12.2345952041196,12.1547846142867,0.0798105898328849
11.3914356252586,11.4616426968431,-0.0702070715844183
11.5410159491685,11.5702599744155,-0.029244025247074
11.8999801990483,11.8494048444231,0.050575354625261
12.0339655242338,12.0867315216846,-0.0527659974507699
12.0346877663467,12.06105265381,-0.0263648874633287
11.8229893604847,11.8056025415918,0.0173868188929749
11.7971620299397,11.7752974217158,0.0218646082238863
12.5305158082526,12.5425484535736,-0.0120326453210264
11.9036662191964,11.9576176964675,-0.053951477271152
11.8521096458271,11.8844959179307,-0.0323862721036008
12.1638365877021,12.1985494168801,-0.0347128291780034
11.6173300345305,11.6784483779882,-0.0611183434576272
12.1204422226872,12.1547846142867,-0.0343423915994343
11.7490098179964,11.8981946684588,-0.149184850462461
12.0130513169902,11.9766657704908,0.0363855464994458
11.9937117157855,12.0137068134704,-0.0199950976848946
11.8817113511146,11.7905647772974,0.0911465738172037
11.983810085119,11.995357787035,-0.0115477019159904
12.0634277637437,12.0575784376589,0.00584932608477651
11.8721646309746,11.8088212126465,0.0633434183280546
11.7212050051617,11.7360770162524,-0.0148720110907288
11.7594288940291,11.7199477644028,0.0394811296262887
12.2319263473267,12.2991120672956,-0.0671857199689239
11.0770400603313,11.0186455364637,0.0583945238676211
11.8602926587889,11.9049743094802,-0.0446816506913166
12.6317496583193,12.7367038377645,-0.104954179445231
12.8598439938163,12.88520456961,-0.0253605757936306
12.0843773313948,12.0951466713995,-0.0107693400047015
11.8552225621865,11.7519502394255,0.103272322761072
12.1837971886418,12.1428718958439,0.0409252927979367
12.1937749333557,12.2713967954806,-0.0776218621248486
11.2710232353952,11.2385017770766,0.0325214583185964
12.3813605219851,12.3883983689821,-0.00703784699704357
12.161921180121,12.1652558593297,-0.00333467920871122
11.3091736558888,11.3022167792574,0.00695687663142763
11.7644371269841,11.7360770162524,0.0283601107317022
12.1761857091541,12.1600339426172,0.016151766536975
12.9483738737365,12.9621969726666,-0.0138230989300645
11.7475818281587,11.6868871754197,0.0606946527390377
12.1930316833873,12.2783979582618,-0.0853662748745112
11.6168874758087,11.5759096537589,0.0409778220498058
11.4053419006743,11.5129354649202,-0.107593564245949
11.5513875814008,11.5991123354811,-0.0477247540803614
11.8292086738381,11.7675754352517,0.0616332385863476
11.8038471480149,11.7199477644028,0.0838993836121311
11.930370755615,12.0406141054903,-0.110243349875258
11.1259813731059,11.1124628236349,0.0135185494710743
12.2630763614904,12.3925563618418,-0.12948000035141
12.3997713798225,12.4110562995282,-0.0112849197056395
12.1434118137815,12.0136462059405,0.129765607841001
11.5307859259783,11.5898957653227,-0.0591098393444174
12.4892981298678,12.4607187398652,0.028579390002573
12.0482683963402,12.0317252107486,0.0165431855915532
11.90618533307,11.9183972397228,-0.0122119066528317
11.7205371399831,11.6526961029598,0.0678410370233706
12.0662590724164,12.0839106612575,-0.0176515888410762
12.5374024649684,12.5425484535736,-0.00514598860520543
12.6461409216747,12.7359682753497,-0.0898273536750853
11.3320141221945,11.002116507732,0.329897614462459
11.8653137408986,11.8844959179307,-0.0191821770320058
12.328773526769,12.3104371653488,0.0183363614202037
11.5829266912424,11.6526961029598,-0.0697694117173917
12.3702804477945,12.3371052938919,0.0331751539025973
12.1610529627874,12.1069978885889,0.0540550741984269
11.9074692802982,11.9150583607537,-0.00758908045554918
12.3209679584652,12.3842230150053,-0.0632550565400756
11.6026525762768,11.7440451224101,-0.141392546133225
11.8269493796696,11.8635893788121,-0.0366399991425581
12.1859122282776,12.2370915463573,-0.0511793180797167
12.283482048581,12.2783979582618,0.00508409031925794
11.6943455936917,11.6351519472128,0.0591936464788763
12.7075363375828,12.6603310924059,0.0472052451769436
11.8827748860959,11.8422364063316,0.0405384797643826
11.8357077593925,11.8130374648005,0.0226702945920056
12.4255463417414,12.5245300130057,-0.0989836712642873
11.652718464424,11.59918572661,0.0535327378139598
12.1581901914774,12.182809136285,-0.0246189448075889
12.0688855842633,12.072546967175,-0.00366138291175666
11.4435811274868,11.35511308931,0.0884680381767815
11.4813211992789,11.2885436473206,0.192777551958278
11.7192504186271,11.7158744721989,0.00337594642822658
12.0598221932388,12.1062578350946,-0.0464356418558207
11.315632470525,11.3022167792574,0.0134156912675731
12.237156502192,12.2643462706242,-0.0271897684321303
11.5788951293485,11.661354090741,-0.0824589613925397
11.6703192126584,11.6868871754197,-0.0165679627612771
11.5216068623053,11.4114573640277,0.110149498277602
11.7902893089523,11.6082447356423,0.182044573309938
13.0940313570754,13.2267251945288,-0.132693837453395
11.6126031351382,11.6784483779882,-0.0658452428499867
11.9043652346974,12.0008979333067,-0.0965326986093142
12.107650414196,12.0581583125382,0.0494921016577674
12.2511786322074,12.254867571593,-0.00368893938559012
11.8814737894679,11.7558794866871,0.125594302780755
12.149575102888,12.1547846142867,-0.00520951139870185
12.2290108052194,12.2055775229772,0.0234332822421273
11.6502698342302,11.6910800185195,-0.0408101842893096
11.5965444908816,11.6952553550628,-0.0987108641811574
11.6070663965183,11.6082447356423,-0.00117833912406873
12.3891730058393,12.5425484535736,-0.153375447734296
12.1742401875044,12.2258801747751,-0.0516399872706756
12.3302409896298,12.254867571593,0.0753734180367367
11.9644950750519,12.1442025609469,-0.179707485894946
12.0773614195782,12.0754000198775,0.00196139970067577
11.3273819849475,11.4927329616823,-0.165350976734791
12.3425008853138,12.4529366297041,-0.110435744390275
12.015355936191,11.9891658551274,0.0261900810635556
11.63821894722,11.6082447356423,0.0299742115776578
12.4347022323357,12.4815657332119,-0.046863500876194
11.9641409120925,11.9511868474935,0.0129540645989756
11.6416612117195,11.0410641112224,0.60059710049708
12.1160296408745,12.1479190307597,-0.0318893898851815
11.7433929330494,11.7280449090708,0.0153480239786212
12.0781933303626,12.0936931096383,-0.0154997792757001
12.115983716356,12.0257550794049,0.0902286369511103
11.9359339222507,11.8947875333545,0.0411463888961272
12.4406212720369,12.4292201968364,0.0114010752004692
12.1001765602911,12.138869243416,-0.0386926831249248
12.3412375925327,12.2643462706242,0.0768913219085157
12.1629251100071,12.1547846142867,0.00814049572043274
11.7919608241211,11.9049743094802,-0.113013485359039
12.8652083566394,12.9945322786191,-0.129323921979706
12.4807297413866,12.4332122021697,0.0475175392169156
11.8250256199437,11.7943454715497,0.0306801483939179
12.2319548843736,12.2496157345126,-0.0176608501390358
12.8820530824045,12.8479291632781,0.03412391912644
12.610809678212,12.6014907847825,0.00931889342943393
11.5454418877537,11.4016810061534,0.143760881600317
12.8117492258892,12.6946557278288,0.117093498060393
12.7884431845549,12.8320137501899,-0.0435705656349583
12.0142455868776,11.9511868474935,0.0630587393841147
11.9463632166368,12.0076278043487,-0.0612645877118787
11.8285861976715,11.7943454715497,0.0342407261217375
11.918855399589,11.8981946684588,0.0206607311301941
11.902858397224,11.9576176964675,-0.0547592992435852
12.0957953209354,12.072546967175,0.0232483537603176
11.7560943416256,11.9829353441964,-0.226841002570824
11.4420035455213,11.362114203075,0.0798893424463056
11.599851638443,11.6526961029598,-0.0528444645168005
11.8940379280834,11.7981119259726,0.0959260021108008
12.0494431898321,12.0598091135514,-0.0103659237192755
11.9090322720936,11.9511868474935,-0.042154575399902
11.4885538684063,11.4219170194256,0.0666368489806661
10.8682587581615,10.4602707610751,0.407987997086373
12.9431631187202,12.9715428132484,-0.0283796945282777
12.0835387120914,12.122696471359,-0.03915775926761
11.8013454946897,11.7752974217158,0.0260480729738806
11.7237354204987,11.6952553550628,0.0284800654358719
11.6304722570753,11.6351519472128,-0.00467969013758385
12.2653667829976,12.3313872476019,-0.0660204646043479
11.8454935049695,11.8494048444231,-0.0039113394536141
12.5497848421663,12.5741854272962,-0.024400585129877
11.8479716105588,11.8981946684588,-0.0502230579000251
11.7146936096805,11.7320690269832,-0.0173754173026524
12.321270167983,12.2783979582618,0.0428722097211995
12.1294413472808,12.2467394280057,-0.117298080724874
11.925920717323,11.9891658551274,-0.0632451378044649
11.8407106123243,11.7320690269832,0.108641585341193
11.9486429198175,12.0131005728107,-0.0644576529931662
12.180273149067,12.2193145828011,-0.0390414337341145
11.7151596857269,11.7745279008585,-0.0593682151316148
11.8511137305815,11.8056025415918,0.0455111889896855
11.5233057361118,11.4773086499677,0.0459970861440944
12.9255050008795,12.9063493505239,0.0191556503556267
11.9822531194857,11.970356641103,0.0118964783826847
12.4986526786962,12.4874888785461,0.0111638001500776
12.1364346715113,12.2596181517835,-0.123183480272132
12.4472285944929,12.363080667835,0.0841479266578951
11.4266112703382,11.5735594985071,-0.146948228168887
11.895358545597,11.9183972397228,-0.0230386941258462
11.9160098492097,11.9766657704908,-0.0606559212811018
12.6930946872926,12.1267642515157,0.566330435776953
12.5836809746321,12.6627092072703,-0.0790282326381249
12.1297146934257,12.0782449558223,0.0514697376033588
11.7957113304135,11.7905647772974,0.0051465531161039
13.0244760394155,13.0086615024707,0.0158145369447258
11.3707752461864,11.362114203075,0.00866104311137761
12.2820834758944,12.2091927728664,0.0728907030279604
12.1050916563543,12.072546967175,0.0325446891792645
11.8079874708481,11.7597933553712,0.0481941154768304
11.5720491027998,11.5852554288322,-0.0132063260323889
10.7605109278893,10.5790052428262,0.181505685063053
12.1622355135598,12.089544447236,0.072691066323797
11.7961212876039,11.5852554288322,0.210865858771772
12.1730841240562,12.1442025609469,0.0288815631093602
11.6941287420693,11.6195441887521,0.0745845533171217
11.8567146309131,11.970356641103,-0.113642010189928
12.4585682457654,12.513561021742,-0.0549927759765421
12.7455201792142,12.6603310924059,0.0851890868082616
12.4903281810028,12.4211880573971,0.069140123605699
12.1927841051507,12.2702251546747,-0.077441049524019
11.8323717525128,11.7981119259726,0.0342598265401826
12.2149484988418,12.098854850641,0.116093648200804
12.4100540429517,12.3414816493391,0.0685723936126621
12.0306007863609,12.254867571593,-0.224266785232164
11.7563049339422,11.7714438820996,-0.015138948157448
11.6979725707312,11.7360770162524,-0.03810444552124
12.3850236843084,12.479913113434,-0.0948894291256703
11.8442207608542,11.8494048444231,-0.00518408356886368
11.657185970125,11.630717389476,0.0264685806490181
12.5250980140274,12.4509816025126,0.0741164115148631
11.6063940309191,11.5898957653227,0.0164982655963737
12.4998461624617,12.5567330382639,-0.0568868758022116
11.6482213951829,11.6351519472128,0.0130694479700466
11.8691247297469,11.8565222615337,0.0126024682131671
11.5592730199264,11.5898957653227,-0.0306227453963572
12.16577493735,12.072546967175,0.093227970174965
12.1755413744579,12.363080667835,-0.187539293377107
11.9266865958013,11.7076777721815,0.219008823619768
12.0020988426077,12.043559598368,-0.0414607557603208
11.6675773298192,11.5898957653227,0.0776815644964497
12.0536386406456,12.1281165094513,-0.0744778688056495
12.4756003716269,12.4987459908293,-0.0231456192024542
11.7115688564426,11.7597933553712,-0.0482244989286489
12.7174037148536,12.6915835382302,0.0258201766233768
12.2748415304306,12.2737359668903,0.00110556354033875
12.6301791493853,12.6653975849838,-0.0352184355984519
11.8377237737828,11.8201233588874,0.0176004148953748
11.9171986446916,11.8678057995605,0.0493928451311678
11.6834751935941,11.6952553550628,-0.0117801614687298
12.3005408646467,12.3216354404975,-0.0210945758507997
12.0465672006539,12.043559598368,0.00300760228587116
11.7183564586026,11.8422364063316,-0.123879947728911
11.6958236175231,11.6826766783403,0.0131469391827714
11.928075167133,11.8844959179307,0.0435792492023364
11.9406778346309,12.0106719281964,-0.0699940935655601
11.9768757920169,11.8913687499821,0.0855070420347825
11.697491269408,11.7867697351338,-0.0892784657258012
12.0743170560057,12.1112178620172,-0.0369008060115359
12.7569047388822,12.4423061483819,0.314598590500264
11.6615931805274,11.6826766783403,-0.0210834978128656
12.5946157642672,12.6915835382302,-0.0969677739630477
11.8538072365323,11.7981119259726,0.0556953105596705
12.7964122858058,12.8209906812503,-0.0245783954444896
11.7125766923895,11.7752974217158,-0.0627207293263492
11.7674940434624,11.8277435040537,-0.0602494605912831
12.2611040172076,11.8706069022246,0.390497114982992
11.5585201142291,11.2835248791797,0.274995235049444
12.170759651272,12.1329695529312,0.0377900983407766
12.9913435998009,13.0213290458583,-0.0299854460573243
11.833827205151,11.8350162104899,-0.00118900533893473
11.8831502221502,11.8494048444231,0.0337453777271257
11.7320783993362,11.6082447356423,0.123833663693841
12.765653359429,12.6729495165583,0.0927038428706659
11.5832849642547,11.6483737691453,-0.0650888048905713
12.1442988473819,12.1766541334475,-0.0323552860656413
12.271481760125,12.2899587272015,-0.0184769670764737
11.9419321401644,11.9250417382917,0.0168904018727112
12.4819170595548,12.5245300130057,-0.0426129534509432
11.7549828213262,11.8565222615337,-0.101539440207505
12.3121088019744,12.3013873707787,0.0107214311956572
11.9928826511533,11.9250417382917,0.0678409128616408
12.2947733623102,12.3059225053765,-0.0111491430662962
12.1979980127166,12.2307701361574,-0.0327721234408571
11.9324677712087,11.9316423787541,0.000825392454565588
12.0417430212829,12.3238601256211,-0.282117104338264
12.6891652910067,12.7913589649499,-0.102193673943248
11.6631824071003,11.6826766783403,-0.0194942712400312
12.6935094228769,12.6539616644054,0.0395477584715831
11.9160393848749,11.9049743094802,0.0110650753946739
12.4438083533187,12.4741933865716,-0.0303850332528555
11.77228163869,11.8981946684588,-0.125913029768846
11.2429088160387,11.2319011801825,0.0110076358561901
11.843223404999,11.8313864687896,0.0118369362093631
12.1065252399291,12.1183391897226,-0.0118139497934173
11.6853420378901,11.5664757105263,0.118866327363765
12.6816270666586,12.6597372672176,0.021889799441011
12.6667354096135,12.6280703342727,0.038665075340818
11.0766269465412,11.1124628236349,-0.0358358770936871
12.3419844500138,12.3883983689821,-0.0464139189683266
11.7814279895137,11.8130374648005,-0.031609475286869
12.0581214414075,12.034696963475,0.0234244779324246
12.0250455484633,12.014615485902,0.0104300625612961
11.8780958116518,11.9829353441964,-0.10483953254468
11.8102496520168,11.8486903085909,-0.038440656574009
12.0031125722708,11.9381997363009,0.0649128359699009
11.9617283075289,11.8130374648005,0.148690842728364
11.9963371550378,12.034696963475,-0.0383598084372014
11.6412044389249,11.7280449090708,-0.0868404701458516
12.3650113856317,12.2524837916026,0.112527594029029
11.9526088141067,11.3205656934614,0.632043120645278
11.8355645766266,11.845109950884,-0.00954537425736568
11.8062379551822,11.8775755229785,-0.0713375677963004
12.1101055948872,12.2060776455177,-0.0959720506304933
10.9189485024658,11.002116507732,-0.0831680052662538
11.5704384726601,11.4403655247658,0.130072947894357
11.4625572109051,11.3504183001091,0.112138910795924
12.4479322642592,12.4858309073489,-0.0378986430896884
12.5597950194176,12.5208870349986,0.0389079844190228
12.3571578685911,12.3282947030234,0.0288631655677118
12.6927365555649,12.75130259456,-0.0585660389950817
11.9477021026649,11.9316423787541,0.0160597239107325
12.7297621073008,12.82363114284,-0.0938690355391945
11.7803537633144,11.8723536153554,-0.091999852040999
11.5677377366761,11.4957894790235,0.0719482576526111
11.8751542953262,11.9511868474935,-0.0760325521672751
11.9365214963242,11.9511868474935,-0.0146653511692314
11.2379032151133,11.3445186475948,-0.106615432481428
12.2189629096479,12.2353935553999,-0.0164306457520151
11.6582858155033,11.5898957653227,0.0683900501805397
12.171922835407,12.1600339426172,0.0118888927898624
11.8017155072602,11.8130374648005,-0.0113219575403569
12.8400716853836,12.7656912906044,0.0743803947792259
11.4093442803696,11.3851034570321,0.0242408233374238
11.8997391250517,11.8879382384223,0.0118008866294037
12.0595759544108,11.9117082963145,0.147867658096281
11.7351057262421,11.4876179133436,0.247487812898479
11.9778368308474,12.0257550794049,-0.0479182485575596
12.196044687376,12.195522184635,0.000522502741013398
12.9035783520161,12.9042098551603,-0.000631503144186141
11.7300748262116,11.6082447356423,0.121830090569317
11.8144492648096,11.8313864687896,-0.0169372039800226
12.8629605890376,12.9551298220918,-0.0921692330541681
12.4135133092978,12.3480104798042,0.065502829493532
11.9434956082981,11.7675754352517,0.175920173046357
12.2009633439755,12.1730379593973,0.0279253845781842
11.9886036117323,12.0317252107486,-0.0431215990162901
11.7716991087737,11.8313864687896,-0.0596873600159338
12.0617303936197,12.0639386420412,-0.0022082484214927
11.5453962470458,11.5483022612706,-0.0029060142248003
12.0956380651082,12.0137068134704,0.0819312516377426
12.4751814164644,12.4587788825735,0.016402533890906
11.9111918364308,11.8494048444231,0.0617869920077627
11.887477766607,11.908346971209,-0.0208692046019792
11.4832626966055,11.3736748918235,0.10958780478194
11.6016238171966,11.6036889606171,-0.00206514342043995
12.7887029859481,12.8279950013619,-0.0392920154137606
11.7474915151261,11.7636919653883,-0.0162004502622324
11.795136776144,11.8706069022246,-0.0754701260806296
11.7023485961603,11.9793915946358,-0.277042998475522
12.0874265554887,12.06105265381,0.0263739016786726
12.5255367798447,12.5602479680166,-0.0347111881718423
12.2925892550195,12.3059225053765,-0.0133332503569896
12.3822186346537,12.2428914379184,0.139327196735305
12.2911999128967,12.3365569003422,-0.0453569874454871
11.9715410896853,11.9103651217887,0.0611759678966504
12.4515448262896,12.8790196697898,-0.427474843500107
12.1009365691873,12.1792203274539,-0.0782837582666485
11.9127414095491,11.8565222615337,0.0562191480154102
13.2956700802929,13.5344743527336,-0.238804272440705
12.6060441719817,12.7218887958774,-0.115844623895718
11.5118441589858,11.5943303214208,-0.0824861624349875
11.8091592786558,11.8600620631783,-0.0509027845224406
12.0488047087163,12.0782449558223,-0.0294402471060025
11.4207594561976,11.3964028846062,0.0243565715913618
11.7240797908868,11.7240045321834,7.52587034344998e-05
11.7995091498047,11.8386328248001,-0.0391236749953237
12.162401430442,12.1858750402405,-0.0234736097984687
12.6816677894122,12.6523629481535,0.0293048412587726
11.9663867398794,11.8494048444231,0.116981895456341
12.7778624068385,12.7991784719099,-0.0213160650713977
11.8543641826867,11.8494048444231,0.00495933826359263
12.2319180092408,12.2690521395162,-0.0371341302754526
10.9691445060442,10.9151066458675,0.054037860176738
12.5930254423207,12.6181856076098,-0.025160165289142
12.2801787255682,12.4450934830008,-0.164914757432621
12.1256853824793,12.0981588730846,0.0275265093946562
11.6118147624054,11.6073352395314,0.00447952287402487
11.1194857356499,10.8590182281479,0.260467507502055
11.4510216797854,11.5403168715621,-0.0892951917767117
12.2329189226396,12.1495075850331,0.0834113376065648
11.6175616251467,11.7675754352517,-0.150013810105046
12.0055511154856,11.7791361685508,0.226414946934842
11.8991853798911,12.0137068134704,-0.114521433579329
12.1357283140982,11.9798054707799,0.155922843318312
12.002134499667,11.9640074537369,0.0381270459300644
12.6554669763142,12.7396406888127,-0.0841737124985098
11.8506459706654,11.7636919653883,0.0869540052771303
12.5190537280128,12.5245300130057,-0.00547628499291264
11.8843328116027,11.8706069022246,0.0137259093781008
11.6951045520509,11.7320690269832,-0.0369644749322529
11.7614237572883,11.8130374648005,-0.0516137075122298
12.5715224332395,12.676079399771,-0.104556966531543
11.6919478027123,11.6994133306336,-0.0074655279212692
12.3015017516375,12.3104371653488,-0.00893541371131157
12.1559170997464,12.1781925834156,-0.0222754836692367
11.7987465455112,11.6082447356423,0.190501809868833
11.5419487680327,11.5424939759025,-0.000545207869787845
12.4770178849948,12.373707715235,0.103310169759785
12.1448275064745,12.1415394577117,0.00328804876281552
12.3571188500435,12.3126868749604,0.044431975083187
11.8165446808557,11.7860089953538,0.0305356855019756
11.6272889883524,11.5898957653227,0.0373932230296834
11.9712078590668,12.0015116147394,-0.0303037556725734
11.35006683376,11.4457274104068,-0.0956605766467895
12.3667315419075,12.3879816172226,-0.0212500753151073
11.847877673655,12.0951466713995,-0.247268997744444
12.1743228802139,12.1547846142867,0.0195382659272347
11.6476959584835,11.7905647772974,-0.142868818813872
11.7980062749277,11.8635893788121,-0.0655831038844372
12.0390565698678,12.0951466713995,-0.0560901015316801
11.9704079072451,12.072546967175,-0.102139059929941
12.2315021913813,12.1007176854125,0.130784505968791
12.7182823754873,12.6108742002021,0.107408175285224
12.3572286083179,12.3715913212869,-0.0143627129689818
12.3866443246021,12.4911763969672,-0.104532072365009
12.4191607399019,12.469978029555,-0.0508172896530574
11.3398276610673,11.4927329616823,-0.152905300614989
11.4565272698817,11.4773086499677,-0.0207813800860333
12.035016880486,11.995357787035,0.039659093451057
12.215237354085,12.2876572408069,-0.0724198867218728
12.5517993814867,12.5263465373326,0.0254528441541151
11.9139518463757,11.9576176964675,-0.043665850091827
12.0011798297854,12.0581583125382,-0.0569784827527826
12.3011399236599,12.2643462706242,0.036793653035776
11.8678297935392,11.9760366457712,-0.108206852232042
12.0936079206739,12.0973788027273,-0.0037708820534359
12.6403783799493,12.5776396502326,0.0627387297167505
11.7358681959612,11.7558794866871,-0.0200112907259218
11.7154052214788,11.5129354649202,0.202469756558612
12.2418203923334,12.2793277540991,-0.0375073617657034
12.7193114559985,12.7278411766891,-0.00852972069061764
12.4782982166104,12.5061809416774,-0.0278827250669895
12.5033612527677,12.4842080431487,0.0191532096190166
12.1265501040119,12.188422799337,-0.0618726953251318
11.9899920473949,11.9829353441964,0.00705670319847052
12.3135034745581,12.2869058099412,0.0265976646168671
13.1263009026995,13.1956156978783,-0.0693147951787356
11.7584431063194,11.8122964550668,-0.0538533487474595
11.6576148207843,11.5327378961399,0.124876924644385
11.7467746976459,11.5805934591948,0.166181238451173
11.7013463380019,11.6483388355627,0.0530075024391312
12.6717578509706,12.8866435755256,-0.214885724555016
11.97796000676,11.995357787035,-0.0173977802749405
12.3134585135461,12.3081823831298,0.00527613041623276
11.8333820659411,11.8671042962101,-0.033722230268987
11.8142488819818,11.8775755229785,-0.0633266409966478
11.8772735847718,11.8130374648005,0.0642361199712553
12.0786754553284,12.0782449558223,0.000430499506029136
12.0739200430767,12.0776766157578,-0.00375657268106622
12.1668012144306,12.1394038569833,0.0273973574472421
11.9955349877285,12.0167325160771,-0.0211975283485426
11.7113197187476,11.7597933553712,-0.0484736366235925
11.9643255549873,11.9922666135761,-0.0279410585888442
11.7689609810062,11.8422364063316,-0.0732754253253169
12.3170710292321,12.3587980243841,-0.0417269951519845
11.5663697014137,11.5889694190439,-0.022599717630138
12.3086484650256,12.1415394577117,0.167109007313854
12.0550669031912,11.9841845557942,0.0708823473970437
11.9184080700481,11.8968332071285,0.0215748629196924
12.3978354521438,12.5054028641564,-0.107567412012594
12.3574530438967,12.3238601256211,0.0335929182755574
12.2132790165849,12.1781925834156,0.0350864331692708
12.0034370174449,12.0494246834209,-0.0459876659760514
11.8499251268949,11.8740972827986,-0.0241721559037522
11.5667653354051,11.6082447356423,-0.0414794002371774
13.0677153604948,13.0919062317732,-0.0241908712783765
11.9358574820003,12.072546967175,-0.136689485174692
12.1946610605866,12.2060776455177,-0.0114165849310393
11.7163795307695,11.6073352395314,0.109044291238066
12.1188045178075,12.1495075850331,-0.0307030672256126
13.1079067672199,13.275829251377,-0.167922484157081
11.6930812682137,11.6784483779882,0.0146328902255153
12.288193622553,12.3357008054433,-0.0475071828903761
11.7797614324472,11.8167342993485,-0.0369728669012375
12.1934872190919,12.3171711672987,-0.123683948206798
11.8931121222973,11.9826227973119,-0.0895106750145995
11.6846253483455,11.571203807012,0.113421541333508
12.0357519258329,12.1062578350946,-0.0705059092616889
11.9182537172905,11.8810417069259,0.037212010364625
11.1749466974482,10.9329998211199,0.24194687632826
11.944903968249,11.9697235333459,-0.0248195650969461
11.6407363521253,11.661354090741,-0.0206177386156643
12.2276109173286,12.3234155843582,-0.0958046670295278
11.8278264322709,11.8277435040537,8.29282172212231e-05
12.4775915787227,12.5098777898919,-0.0322862111691826
11.961985012342,11.9511868474935,0.0107981648485431
12.2816637851436,12.3194057951129,-0.0377420099693175
12.1490990366099,12.1172468962895,0.0318521403204102
11.3317406445961,11.4403655247658,-0.108624880169698
12.2305973947893,12.3238601256211,-0.0932627308317873
11.8698203386712,11.8458270486766,0.0239932899945678
12.3826612213353,12.3570798182836,0.025581403051703
12.9122561255918,12.8610012106691,0.0512549149226782
11.5765832332918,11.6036889606171,-0.0271057273252779
12.1751355131749,12.1495075850331,0.0256279281417999
12.174852493003,12.1281165094513,0.0467359835517875
11.9720809110587,11.9009120429749,0.0711688680838538
11.9956439134807,12.0197490914169,-0.0241051779362298
11.9697133316553,11.9250417382917,0.0446715933636312
12.2769025956764,12.3758196395176,-0.0989170438412756
11.9916711321548,12.0257550794049,-0.0340839472500942
11.8739538678672,11.8490476403271,0.0249062275400878
11.8156145636676,11.7597933553712,0.0558212082963436
11.857845551092,11.9414623606461,-0.083616809554135
11.4878777723184,11.5129354649202,-0.0250576926018429
11.885480234215,11.8775755229785,0.00790471123657177
11.7373724249214,11.7791361685508,-0.0417637436294171
11.7557901703709,11.8494048444231,-0.0936146740521728
11.8756366021695,11.967187086434,-0.0915504842645465
11.9676817300122,12.0719753785432,-0.104293648530998
11.753132388403,11.8565222615337,-0.103389873130757
11.7949963401046,11.9440648175317,-0.149068477427072
12.0786624604252,12.0494246834209,0.029237777004294
12.1887555166953,12.2690521395162,-0.0802966228209403
11.8134848298756,11.8018642474311,0.0116205824444791
12.3296778297195,12.3883983689821,-0.0587205392626018
12.1567618276401,12.138869243416,0.0178925842241
11.8790795185397,11.7867697351338,0.0923097834058737
12.2077348787029,12.2783979582618,-0.0706630795588659
12.1001110852984,12.0076278043487,0.0924832809496987
12.0377753522997,11.970356641103,0.0674187111967033
11.9636729461321,12.043559598368,-0.0798866522359027
11.8290619067081,11.7519502394255,0.0771116672826206
11.9177842108939,11.8981946684588,0.0195895424350851
11.9921179065202,12.0668163253066,-0.0746984187863724
11.8888493216201,11.9316423787541,-0.0427930571340056
12.3606755698776,12.4292201968364,-0.0685446269588326
12.1608465105283,12.1545214231452,0.00632508738309667
11.7662604461313,11.7867697351338,-0.0205092890024456
11.8840808209584,11.9316423787541,-0.047561557795742
11.900366109013,11.7943454715497,0.106020637463246
12.2192890171694,12.4315375005331,-0.212248483363682
11.8080299222908,11.908346971209,-0.100317048918152
12.4362405440905,12.4248105060254,0.0114300380651446
11.8067650860143,11.7675754352517,0.0391896507625304
12.0454370364094,12.0376599110475,0.00777712536190123
12.3157882983702,12.3715913212869,-0.055803022916713
11.5369027369565,11.6036889606171,-0.0667862236605874
12.109508636264,12.2085745132475,-0.0990658769834614
11.7072258127707,11.661354090741,0.0458717220297142
11.8175977767201,11.7981119259726,0.0194858507475004
11.3071461369918,11.1049722641249,0.202173872866902
12.6274987417584,12.6230643992102,0.0044343425481852
11.8208582524806,11.7924569111286,0.0284013413519535
12.7880924910534,12.7656912906044,0.0224012004490657
11.9503958037719,11.9049743094802,0.0454214942917481
11.84754594142,11.8240872195876,0.0234587218323661
11.871257555624,11.9640074537369,-0.092749898112956
12.2679280697162,12.1415394577117,0.126388612004448
12.0609997547175,12.089544447236,-0.0285446925184925
11.7194093221981,11.6826766783403,0.0367326438578264
11.6893485691821,11.5129354649202,0.176413104261862
12.5711788333062,12.7035120726103,-0.132333239304117
11.9722539823853,11.8844959179307,0.0877580644546274
11.820109725478,11.8167342993485,0.00337542612957975
12.4869442860528,12.4987459908293,-0.0118017047765484
11.9731956748813,11.9150583607537,0.0581373141276256
11.681661429669,11.7191344322175,-0.0374730025485572
11.9715012727971,12.0581583125382,-0.0866570397411195
11.8726167713817,11.9479558477909,-0.075339076409227
11.9437911148298,12.0137068134704,-0.0699156986405818
11.7458100910284,11.685693195626,0.0601168954024196
11.9646247470405,11.8494048444231,0.115219902617438
11.368547056073,11.5759096537589,-0.207362597685911
11.8226706733956,11.8702781791708,-0.0476075057751864
13.0906864143949,13.323928581765,-0.233242167370076
11.8042152059148,11.8130374648005,-0.00882225888572918
11.6691565819306,11.6082447356423,0.0609118462882741
11.9143463401386,11.9381997363009,-0.0238533961622984
12.1345779564538,12.1007176854125,0.0338602710413412
12.364809018902,12.3883983689821,-0.0235893500801136
11.7191828854677,11.7400690056497,-0.0208861201820447
11.7675036624223,11.7597933553712,0.00771030705107378
12.480406233545,12.4490227457015,0.0313834878434687
12.4288895292675,12.4292201968364,-0.000330667568867682
11.7642417845208,11.7829602357419,-0.0187184512211473
12.0663190628266,12.0668163253066,-0.000497262479980165
11.9457943381124,11.9466605192117,-0.000866181099244301
11.9611368918716,11.8740972827986,0.0870396090729173
11.5238841268118,11.3851034570321,0.138780669779626
11.9456743001156,11.8844959179307,0.0611783821849041
12.0218310469734,12.0652806728559,-0.0434496258824613
11.3143645298337,11.2252567257629,0.0891078040707978
10.6769565438077,10.4719781284965,0.204978415311219
11.8201364149131,11.8130374648005,0.00709895011254069
12.4611370596329,12.3800301543255,0.0811069053073972
12.0466170356057,12.0810818210618,-0.0344647854561586
12.1314373850615,12.2110651621532,-0.0796277770917264
11.9261371465865,11.890683588497,0.0354535580895341
12.0603119051572,12.0435007734545,0.0168111317026565
12.1392163854347,12.1704506492207,-0.0312342637860681
12.1494909580915,12.2428914379184,-0.0934004798268706
11.9221828453325,12.072546967175,-0.150364121842543
12.6109504707229,12.5602479680166,0.0507025027063737
12.1247495055945,12.0782449558223,0.0465045497721857
12.3983335717394,12.373707715235,0.0246258565043611
12.3247572738106,12.3104371653488,0.0143201084618685
12.3135936765005,12.2110651621532,0.102528514347291
11.7476398977257,11.6742021231684,0.0734377745572541
12.6431889959265,12.676079399771,-0.0328904038445756
12.2109151692014,12.1547846142867,0.0561305549147626
12.3251382209625,12.3966971373617,-0.0715589163992316
11.3490588081414,11.2885436473206,0.0605151608207741
12.1441219197678,12.1275758256894,0.0165460940783682
12.4067016486863,12.441148720271,-0.0344470715846779
12.4067785984515,12.3875605215756,0.0192180768759389
12.3863650250285,12.4065655979242,-0.0202005728957069
12.0531994178882,11.9243792716392,0.128820146249028
12.3356739990616,12.2737359668903,0.061938032171323
11.7261121441534,11.9183972397228,-0.192285095569389
11.8901932063453,11.8706069022246,0.0195863041206756
11.9252894307837,11.8313864687896,0.0939029619940666
11.8679347383833,11.7352767024867,0.132658035896561
11.9041500077782,11.8706069022246,0.0335431055535675
12.5492598443861,12.5061809416774,0.0430789027087126
12.2178495091252,12.1678566275017,0.0499928816235702
12.1073791448595,12.1934989266016,-0.0861197817420951
11.8129557000733,11.7675754352517,0.0453802648215476
11.6747744930638,11.6944216812644,-0.0196471882006435
11.8186156235287,11.8048559999113,0.0137596236174691
12.0018516025984,12.0552555697322,-0.0534039671337307
11.7185651487364,11.7558794866871,-0.0373143379507219
11.9955811402331,11.8844959179307,0.111085222302444
11.779795906105,11.7280449090708,0.0517509970341656
11.7896399035095,11.7905647772974,-0.000924873787853997
12.1614607906997,12.1281165094513,0.0333442812484641
12.0758948121117,11.9511868474935,0.124707964618221
11.6772334349531,11.665655135642,0.0115782993111058
12.412232908576,12.513561021742,-0.101328113165991
11.9672399561981,11.9511868474935,0.0160531087046554
12.4890065102881,12.3842230150053,0.104783495282808
12.2771181607197,12.2779327359469,-0.000814575227224168
12.0696248752654,12.0945878591961,-0.0249629839306778
11.9284891084185,11.9829353441964,-0.0544462357779594
11.8534363270869,11.8130374648005,0.04039886228637
10.9095867289049,10.5427327759467,0.366853952958198
11.7668888030926,11.8494048444231,-0.0825160413304253
11.3710138239329,11.8130374648005,-0.442023640867621
12.155768681771,12.06105265381,0.0947160279609793
11.7158057397895,11.5079229733474,0.207882766442067
12.2342860604874,12.1117674605493,0.122518599938102
12.1966638172368,12.0287446003787,0.167919216858159
12.0700126465041,12.0137068134704,0.0563058330336901
11.369393972328,11.3562833507629,0.0131106215651453
12.2131058711761,12.2055775229772,0.00752834819886417
11.5458152664593,11.6082447356423,-0.0624294691829892
11.8446915248917,11.8422364063316,0.00245511856013891
12.1040426423097,12.0917891044935,0.0122535378161608
12.6953983660129,12.7248694151314,-0.0294710491184826
12.0589717062346,11.9822788828744,0.0766928233602382
12.4579979272519,12.4525459299167,0.00545199733518764
11.8296730870682,11.7440451224101,0.0856279646581886
11.7410735444049,11.7360770162524,0.00499652815248197
11.7594293357817,11.6699377607519,0.0894915750298164
12.8920074067021,12.8871295321484,0.00487787455370281
12.1685995806013,12.1807599657379,-0.012160385136573
12.1992281474095,12.1909640838494,0.00826406356012477
12.675602741615,12.7599606323157,-0.0843578907006588
12.1357390580162,12.0317252107486,0.104013847267524
12.1156451180169,12.138869243416,-0.0232241253991265
12.0480360507506,12.0662414507571,-0.0182054000065666
12.7832911500435,12.7293237522533,0.0539673977901973
11.6487633686638,11.7085004721646,-0.059737103500817
11.7842636854776,11.8240872195876,-0.0398235341100293
12.0191181260863,12.1281165094513,-0.108998383364945
11.3006784863007,11.4186257744496,-0.117947288148924
12.1503449661127,12.2356363021289,-0.0852913360161409
11.2035651409132,11.314486721294,-0.110921580380781
11.2639193350925,11.362114203075,-0.0981948679825404
12.4372272770578,12.354496960984,0.0827303160738371
11.9281943906232,11.8270498379275,0.101144552695617
12.146579251743,12.1062578350946,0.0403214166483785
11.8608828165173,11.9177303551825,-0.0568475386652576
11.972675816293,12.0045743855087,-0.031898569215727
11.3471970461669,11.3851034570321,-0.0379064108652223
12.2813630555277,12.3883983689821,-0.107035313454407
11.6596298822084,11.5327378961399,0.126891986068491
11.7343633066024,11.8130374648005,-0.0786741581980976
11.599932264093,11.5129354649202,0.0869967991727272
12.0296727063632,12.0137068134704,0.0159658928927726
11.3753135047338,11.3504183001091,0.0248952046247002
11.7576578001477,11.6885664228399,0.0690913773077728
12.2770666370596,12.3327097017402,-0.0556430646805701
12.281786578803,12.2209661841202,0.060820394682823
12.1956573241477,12.1415394577117,0.0541178664359538
12.066514439722,11.9829353441964,0.0835790955256019
12.1870916323529,12.2713499561955,-0.0842583238426435
11.9042353704961,12.0782449558223,-0.174009585326209
12.1689766476971,12.1756185926714,-0.00664194497428205
11.5455116832004,11.3736748918235,0.171836791376888
12.1511581467311,12.1600339426172,-0.00887579588602172
12.6737140253815,12.5672409790562,0.106473046325252
11.7534336534694,11.630717389476,0.122716263993425
11.8984833998651,12.0287446003787,-0.130261200513582
12.6192478828879,12.5881940641753,0.0310538187125822
11.740604312925,11.5617251529038,0.178879160021213
11.667361653008,11.6784483779882,-0.0110867249801974
11.8103895233038,11.9829353441964,-0.172545820892681
12.2539089542335,12.1909640838494,0.0629448703840882
12.7167400463672,12.6443308022626,0.0724092441045787
12.3356917846863,12.345838935722,-0.0101471510356657
11.7607980167073,11.693169865969,0.0676281507382939
11.2052501790402,11.3385839825165,-0.133333803476281
12.635278470699,12.6619171305305,-0.0266386598315016
12.476293767077,12.5672409790562,-0.0909472119792802
11.4867199356643,11.4824765667107,0.00424336895359012
11.2630061617748,11.2897944135779,-0.0267882518031382
11.9280371833207,11.9511868474935,-0.023149664172772
12.0529597347392,12.06105265381,-0.00809291907083143
12.1120468746865,12.1858750402405,-0.0738281655539446
12.4183337851037,12.4771717270895,-0.0588379419858409
12.6020445115353,12.5353799897886,0.0666645217467003
11.7555869602306,11.8465436326085,-0.0909566723779776
13.086094904106,13.2295697883487,-0.143474884242659
11.8711441998266,11.8844959179307,-0.0133517181040457
11.7776513202778,11.6526961029598,0.124955217318067
11.4977636101176,11.3492411507931,0.148522459324539
12.1346842986122,12.0809968320962,0.053687466516056
12.1436938155549,12.2067823935994,-0.0630885780445105
12.0255232900227,12.0137068134704,0.0118164765523261
11.884791226368,11.8810417069259,0.00374951944206536
12.4512360007531,12.4490227457015,0.00221325505163072
11.9652912211056,12.1007176854125,-0.135426464306873
12.2063655234402,12.1327005563943,0.0736649670458984
12.3870633600695,12.4211880573971,-0.0341246973275879
12.7664597311791,12.7218887958774,0.0445709353017083
12.1881828092446,12.3013873707787,-0.113204561534141
12.2547924453042,12.2713967954806,-0.0166043501764115
11.3744225507295,11.3022167792574,0.0722057714721309
11.6763447581688,11.4075760603618,0.268768697806987
11.7699377351244,11.6127798496728,0.157157885451616
11.9539405656408,11.9447143748812,0.00922619075964271
12.5924589309374,12.7007719361421,-0.108313005204689
12.0760937254352,12.089544447236,-0.013450721800778
12.0509443746438,12.031129798974,0.0198145756697858
11.9353021756909,11.9276872249835,0.00761495070744189
11.7975717037421,11.8130374648005,-0.0154657610584685
11.794586864831,11.8130374648005,-0.0184505999695155
11.9886017502466,11.9447143748812,0.0438873753653848
11.5412487574451,11.4241051801656,0.117143577279508
11.8865898866323,11.9798054707799,-0.0932155841475701
12.1770570866271,12.1756185926714,0.00143849395578677
12.2345404677301,12.2991120672956,-0.0645715995654932
11.9200146043089,12.043559598368,-0.123544994059184
11.788339911746,11.8407965316398,-0.0524566198938636
11.8941777205722,11.9569764693935,-0.0627987488212334
11.8450411896126,11.7440451224101,0.100996067202498
11.9703766288921,11.8844959179307,0.085880710961467
11.7666413381972,11.7981119259726,-0.0314705877754395
12.1675205665172,12.1652558593297,0.00226470718752125
11.9489007152687,11.9829353441964,-0.0340346289277011
12.1002190471029,12.1415394577117,-0.0413204106088294
11.9135531262875,11.8981946684588,0.0153584578286559
11.4206847584412,11.3326138868151,0.088070871626039
12.4654828118488,12.4371883347397,0.028294477109128
11.89135415326,11.8313864687896,0.0599676844703882
12.2545104232465,12.1909640838494,0.063546339397174
11.37328945516,11.4392896890066,-0.0660002338466619
12.0053568552578,11.9829353441964,0.0224215110613564
11.9396823807184,11.8240872195876,0.115595161130713
11.9154024886327,11.8913687499821,0.0240337386505907
11.7851829166225,11.7675754352517,0.0176074813707654
12.0375616258691,12.0806964798884,-0.0431348540193408
11.681626752166,11.7519502394255,-0.0703234872594702
12.1079530153623,12.043559598368,0.0643934169943101
11.6639812716103,11.7597933553712,-0.0958120837609329
11.9937219924739,11.9640074537369,0.0297145387369451
11.0694278251358,11.002116507732,0.0673113174037585
11.7164447057217,11.6910800185195,0.0253646872021491
11.8186091101184,11.8130374648005,0.00557164531786114
11.935412594748,11.9798054707799,-0.0443928760318304
11.5728966863072,11.571203807012,0.00169287929526618
12.7258043224655,12.6915835382302,0.0342207842353268
12.1596330301394,12.1001619785669,0.0594710515725332
12.3916697138821,12.5235295163121,-0.131859802429991
12.039174364314,12.1062578350946,-0.0670834707805792
12.661207916508,12.5425484535736,0.118659462934419
12.1029388394462,12.1442025609469,-0.0412637215007248
12.192352414184,12.2307701361574,-0.038417721973385
11.7355602968931,11.7745279008585,-0.038967603965391
11.8155551768149,11.8093269129406,0.00622826387425768
11.6548947077892,11.6699377607519,-0.0150430529627368
12.6315085166289,12.6698098064115,-0.0383012897825399
12.1836688925211,12.1232397990369,0.0604290934841352
11.8100454897089,11.7752974217158,0.0347480679931156
11.8387488907651,11.8494048444231,-0.0106559536579844
11.781520555603,11.8033612424936,-0.0218406868906378
11.5923651864589,11.6818324473423,-0.0894672608834348
12.2967132621298,12.2685825479114,0.028130714218376
11.3483782464553,11.6262630788088,-0.277884832353536
11.4961542808297,11.6784483779882,-0.182294097158449
12.0611914127311,12.0070178659946,0.0541735467364877
11.6590339943744,11.6526961029598,0.00633789141468455
12.1824560694622,12.0668163253066,0.115639744155567
12.3774464566669,12.4645872016781,-0.0871407450111334
12.2747391794582,12.2783979582618,-0.00365877880353693
11.7461301504798,11.8494048444231,-0.103274693943286
11.8622103503902,11.8130374648005,0.0491728855896802
11.5664941552524,11.4457274104068,0.120766744845692
11.7313834844016,11.6742021231684,0.0571813612331233
12.4170194980322,12.3863128711897,0.0307066268424183
12.0543136385795,12.0376599110475,0.0166537275320788
11.5420093265251,11.5327378961399,0.00927143038513556
11.7189321680851,11.6868871754197,0.0320449926654032
11.466075607942,11.4510606994934,0.0150149084485456
12.216428396366,12.1858750402405,0.0305533561255871
11.722063418161,11.8775755229785,-0.155512104817511
11.7634933075599,11.8422364063316,-0.0787430987716675
12.132788731201,12.1934989266016,-0.0607101954006328
12.8655961440959,12.9595408724204,-0.0939447283245514
11.4997424291291,11.2897944135779,0.209948015551253
11.3111772421366,11.2897944135779,0.021382828558707
11.8150340788885,11.9117082963145,-0.0966742174259547
12.0536711762037,12.1007176854125,-0.0470465092087693
12.1524149301491,12.0696857512672,0.0827291788818698
11.6874056671786,11.6690827017435,0.0183229654350701
11.9356094764142,11.8706069022246,0.0650025741896165
11.7269887954873,11.7280449090708,-0.00105611358343616
11.907303023461,11.9177303551825,-0.0104273317215
12.2890197305559,12.345838935722,-0.0568192051660983
11.7059874748075,11.6994133306336,0.00657414417393198
12.2315566231171,12.2150373422908,0.0165192808263193
12.2752229180976,12.2922549289167,-0.0170320108190953
12.065715208989,12.1001619785669,-0.0344467695779134
12.2393881311469,12.345838935722,-0.106450804575077
12.409422668179,12.3678895786862,0.0415330894928054
12.1371186562543,12.1281165094513,0.0090021468030006
11.871491076079,11.8913687499821,-0.0198776739031334
12.2670300901096,12.3194057951129,-0.0523757050033513
11.7659157870112,11.7675754352517,-0.00165964824057063
11.7609483369349,11.5987361213833,0.16221221555155
12.1900398118394,12.1756185926714,0.0144212191680246
12.3270949356953,12.3595273689502,-0.0324324332548986
12.4401111694774,12.4104451173198,0.0296660521575838
12.1150001197474,12.06105265381,0.053947465937366
12.1916707537743,12.3673450484364,-0.175674294662077
13.2023661380316,13.3455085287173,-0.14314239068562
11.9295425280877,12.0494246834209,-0.119882155333249
11.9940411224723,12.0015116147394,-0.00747049226705521
12.0166751820756,12.0546740086897,-0.037998826614082
12.2913781744651,12.2085745132475,0.0828036612176124
12.2717322976394,12.3842230150053,-0.112490717365887
12.7130168476274,12.5602479680166,0.15276887961088
11.7561191743858,11.6910800185195,0.0650391558662538
11.6383989900146,11.6526961029598,-0.0142971129451226
11.842749160325,11.950541482162,-0.107792321837088
11.4848977990511,11.4403655247658,0.0445322742853662
12.4185445421385,12.4292201968364,-0.0106756546978666
12.6392164398884,12.8802943639721,-0.241077924083637
13.202306257016,13.5211408396427,-0.31883458262668
11.7807602589222,11.6952553550628,0.085504903859432
12.2040695328084,12.1372636857019,0.0668058471065471
11.7343576326225,11.5607723272274,0.173585305395097
11.5474873686223,11.4616426968431,0.0858446717791868
12.5901274208948,12.4761035995298,0.114023821364938
12.1602502146345,12.1807599657379,-0.0205097511033951
12.1885200345658,12.1495075850331,0.0390124495326916
12.0193037155216,12.0317252107486,-0.0124214952270378
12.1296208918117,12.0668163253066,0.0628045665050792
11.7837270825896,11.7360770162524,0.0476500663371802
11.9377232069592,12.0137068134704,-0.075983606511171
11.8733028731231,11.970356641103,-0.0970537679798991
12.011658069658,12.0782449558223,-0.0665868861643215
12.3063030762458,12.2977900152787,0.00851306096712889
11.9087130234917,11.8775755229785,0.031137500513216
12.1096518414979,12.089544447236,0.0201073942618848
11.8570799313644,11.9049743094802,-0.0478943781158296
11.5422734677142,11.6617850286409,-0.119511560926741
12.1765573300137,12.195522184635,-0.0189648546212435
11.7536473345545,11.6699377607519,0.0837095738025937
12.2127994553948,12.2690521395162,-0.0562526841214588
11.9336978274932,11.9414623606461,-0.00776453315296699
12.538256074545,12.5131933084365,0.0250627661084639
11.6466879774957,11.5805934591948,0.0660945183009591
12.1977726856904,12.2060776455177,-0.00830495982723178
11.8782584252066,11.8494048444231,0.02885358078351
12.5616855097287,12.5776396502326,-0.0159541405038492
12.1311615998145,12.1495075850331,-0.018345985218609
12.2251292349561,12.0076278043487,0.217501430607376
11.3980382545919,11.6351519472128,-0.237113692620905
11.7203538203408,11.8844959179307,-0.164142097589826
11.7717389794298,11.8093269129406,-0.0375879335108777
11.6753243327295,11.7360770162524,-0.0607526835229777
11.8001865545818,11.6262630788088,0.173923475772963
12.3708208438754,12.3434709270935,0.0273499167818478
11.2061471510878,11.2960248856897,-0.0898777346019397
11.4725651035231,11.4241051801656,0.0484599233574592
11.6374279477834,11.6526961029598,-0.0152681551763791
11.7574099950141,11.8056025415918,-0.0481925465776865
11.9004891106595,11.8706069022246,0.0298822084349304
11.8071338113988,11.8342913153867,-0.0271575039879099
12.2114858145045,12.122696471359,0.0887893431455655
11.8281352257071,11.8844959179307,-0.0563606922235245
12.2563471672388,12.2737359668903,-0.017388799651437
11.874776411481,11.8981946684588,-0.0234182569778039
12.8014535270862,12.8139206188646,-0.0124670917784027
11.8520799176124,11.7519502394255,0.100129678186908
12.0879895689804,12.1547846142867,-0.066795045306316
11.9027396755699,11.7943454715497,0.108394204020149
11.616483935978,11.530775206233,0.0857087297449617
11.8375563872288,11.8635893788121,-0.026032991583353
11.6927291836586,11.7752974217158,-0.0825682380572221
11.9545645445072,11.8414231319218,0.113141412585442
12.1297274771009,12.0754000198775,0.0543274572233976
12.2724332644638,12.1807599657379,0.0916732987259596
11.8335645874114,11.8671042962101,-0.0335397087986529
12.335157276892,12.4908793380364,-0.155722061144358
12.2225457314424,12.3234155843582,-0.100869852915752
12.3764934782143,12.4225097588769,-0.046016280662629
12.0520370205754,12.043559598368,0.00847742220738823
12.9983112198423,13.0497948351048,-0.0514836152624873
12.3024335965774,12.345838935722,-0.0434053391445612
12.0967890596138,12.089544447236,0.00724461237782492
12.1946032484692,12.1361918799819,0.0584113684872829
11.8803050957437,12.0429711934579,-0.162666097714148
11.8332951754441,11.7714438820996,0.0618512933444588
11.7330789687003,11.6868871754197,0.0461917932806291
12.3965342045931,12.4049276026276,-0.00839339803444794
12.1247836214451,12.0538010324839,0.0709825889611757
11.7367094490396,11.7752974217158,-0.0385879726762735
12.569987762001,12.5913384476756,-0.0213506856745536
12.0731300674574,12.0161281075027,0.0570019599547429
11.7979116552008,11.7558794866871,0.0420321685136837
12.7383003937348,12.6165286118935,0.121771781841323
11.4768350047282,11.5119349745966,-0.0350999698683108
12.1334418746907,12.1547846142867,-0.021342739595962
11.8982485150164,11.9250417382917,-0.0267932232753374
12.1269263858031,12.1062578350946,0.0206685507085265
11.7839183732772,11.7667999468491,0.0171184264281088
11.981676692104,11.9922666135761,-0.0105899214721568
11.9954248943303,12.1034915969059,-0.108066702575583
11.9106147430234,12.1062578350946,-0.195643092071176
12.1007064946968,12.1221528483155,-0.0214463536187051
11.7595516199348,11.7117845204031,0.0477670995316704
12.775857055355,12.8439739938641,-0.0681169385091245
12.8797047861517,12.8505572787773,0.029147507374379
11.8329522920843,11.8775755229785,-0.044623230894187
12.4210324421781,12.4684407561441,-0.0474083139659722
12.1072068349209,12.1321623461456,-0.0249555112247197
11.7759114826932,11.8277435040537,-0.0518320213605161
11.996755212957,12.0839106612575,-0.0871554483004982
11.8317964645227,11.8422364063316,-0.0104399418088867
11.8571634898014,11.8277435040537,0.02941998574771
12.0099805335789,11.995357787035,0.0146227465438962
12.1529813045939,12.195522184635,-0.0425408800410931
12.4639719851288,12.3758196395176,0.0881523456111566
11.2044667480921,11.1331427233868,0.0713240247052962
12.2556628857651,12.3327097017402,-0.0770468159751196
12.1507813573171,12.1007176854125,0.0500636719046348
11.9358242791757,11.9217250076673,0.0140992715084636
11.8290741197693,11.8422364063316,-0.0131622865622063
12.0736938965625,12.0376599110475,0.0360339855150773
11.7344719993977,11.7943454715497,-0.0598734721520664
11.9404403311334,11.8706069022246,0.0698334289088525
12.1151092474935,12.1547846142867,-0.0396753667931904
12.5075065749915,12.5353799897886,-0.0278734147970763
12.5447566854479,12.5461135070284,-0.00135682158051686
12.0002563801248,12.1034915969059,-0.103235216781139
11.6410502865487,11.6910800185195,-0.0500297319708292
11.6269545561775,11.5852554288322,0.0416991273453249
12.1069591539966,12.0008979333067,0.106061220689924
11.6767277677324,11.6526961029598,0.0240316647726235
11.7954114889087,11.8386328248001,-0.0432213358913778
11.9253458218064,11.9511868474935,-0.0258410256871144
11.8175813865296,11.8494048444231,-0.0318234578934327
12.549134755218,11.9829353441964,0.566199411021538
11.9703513535443,11.9447143748812,0.0256369786630888
12.3146462706352,12.3238601256211,-0.00921385498591398
12.0727145017561,12.0867315216846,-0.0140170199284313
12.663208157977,12.5776396502326,0.0855685077443962
12.3212367320614,12.354496960984,-0.0332602289225647
11.8973504218045,11.7752974217158,0.122053000088636
12.7375249786074,12.6915835382302,0.0459414403772183
12.1790841294171,12.2185001037881,-0.0394159743710425
11.8895084164834,11.8350162104899,0.0544922059934851
11.8256987121848,11.8981946684588,-0.0724959562740377
12.054719161431,12.0962633598645,-0.0415441984334937
12.6861630924103,12.7218887958774,-0.035725703467028
12.2096688215425,12.2209661841202,-0.01129736257767
12.7490903317811,12.6181856076098,0.130904724171334
12.745532449203,12.7164051477317,0.0291273014713358
11.6540109630258,11.6868871754197,-0.0328762123939317
12.0661360316837,12.2399956969747,-0.173859665291074
12.4968387951025,12.5964038110536,-0.0995650159510948
12.1793757996595,12.2496157345126,-0.0702399348530758
12.4952004823641,12.5245300130057,-0.0293295306416326
11.6140129693914,11.6172944892629,-0.00328151987154435
11.9619431542695,11.9608176787183,0.00112547555120024
11.1156393185232,11.1913556338511,-0.0757163153279308
12.3204348135859,12.1547846142867,0.165650199299186
11.2917973061363,11.3205656934614,-0.0287683873251297
12.5001735631691,11.8981946684588,0.601978894710239
11.0382138268988,10.9151066458675,0.123107181031315
11.3104702175012,11.2772157895969,0.0332544279042768
11.8025643738614,11.7791361685508,0.0234282053105783
12.2336778978303,12.4529366297041,-0.21925873187376
12.1247199750131,12.0810818210618,0.0436381539512603
12.4132409099029,12.3327097017402,0.0805312081626806
11.8360131699139,11.7943454715497,0.0416676983641668
11.6394016631674,11.5129354649202,0.126466198247142
11.7180524566305,11.7400690056497,-0.0220165490192556
11.7172413788235,11.7360770162524,-0.0188356374289622
11.9851244567615,12.031129798974,-0.0460053422125792
11.8961482236489,11.8130374648005,0.0831107588483793
10.9377270494787,10.8685874960174,0.0691395534613655
12.2871978629966,12.2060776455177,0.0811202174789134
11.7969277466809,11.7636919653883,0.0332357812925803
11.6088866080154,11.7199477644028,-0.111061156387411
11.9767602685279,11.9511868474935,0.0255734210344141
12.4417319217368,12.3392958656744,0.102436056062325
12.0737515385384,12.0839106612575,-0.0101591227191395
12.1162454116818,11.9565594511958,0.159685960485961
11.4657665291937,11.59451466851,-0.12874813931632
12.4201481539758,12.4780101705304,-0.0578620165546191
12.5687303483325,12.5548404099598,0.0138899383726798
12.3840066981844,12.2783979582618,0.105608739922616
11.8841966080712,11.7117845204031,0.172412087668107
12.0258107461247,12.2060776455177,-0.180266899392995
11.984343567589,12.0494246834209,-0.0650811158319353
11.7724533701199,11.8122964550668,-0.0398430849469076
12.9057469491805,12.9239148777019,-0.0181679285213825
12.3503303296313,12.3673450484364,-0.0170147188050453
12.180291878823,12.043559598368,0.136732280455009
11.6861842735737,11.6082447356423,0.0779395379314192
11.9367963675893,11.9177303551825,0.0190660124067836
12.062209518972,12.0867315216846,-0.0245220027125619
12.8432665322709,12.6603310924059,0.182935439865041
12.0778706732279,12.1495075850331,-0.0716369118051592
12.4741574215812,12.4684407561441,0.0057166654371219
11.7388537113492,11.5607723272274,0.17808138412175
12.0046376910236,11.9635742416537,0.0410634493699202
11.9271340583987,11.8786305145045,0.0485035438941726
12.2538537652498,12.2830383162852,-0.0291845510354136
12.2039452148874,12.1704506492207,0.0334945656666292
11.7797001245697,11.7519502394255,0.0277498851441873
11.8831502221502,11.8775755229785,0.00557469917172959
12.3600141718426,12.354496960984,0.0055172108586472
11.6136527799856,11.5617251529038,0.0519276270817528
12.0702610554664,12.0167325160771,0.0535285393892995
12.4179535503571,12.5219813225625,-0.104027772205429
12.9928237013352,13.05301544289,-0.0601917415547337
12.3881644666034,12.4292201968364,-0.0410557302329924
12.431824686745,12.3842230150053,0.0476016717397361
11.4374107149168,11.4186257744496,0.018784940467242
11.801970304585,11.6699377607519,0.132032543833127
11.4653199865059,11.3266079348989,0.138712051606989
11.9160253533053,12.0287446003787,-0.112719247073361
11.0778994315557,10.9767991270909,0.101100304464776
12.2366563733855,12.3779271129743,-0.141270739588833
11.937794405604,11.9640074537369,-0.0262130481329308
11.8988377035098,11.6262630788088,0.272574624701004
11.5868775290786,11.5617251529038,0.0251523761747805
11.6723210561354,11.7400690056497,-0.0677479495143398
12.522776814174,12.4292201968364,0.0935566173376543
11.8868240966565,11.8204175176323,0.0664065790242034
12.740452683264,12.8413284966743,-0.100875813410344
11.7872822548683,11.7829602357419,0.00432201912637709
12.3256782578654,12.3673450484364,-0.0416667905710213
11.8027372770309,11.7280449090708,0.0746923679600862
11.7762614442292,11.7199477644028,0.0563136798263564
11.8536783950078,12.0015116147394,-0.147833219731613
12.2832269245651,12.4154377079354,-0.13221078337031
12.5755307214387,12.5468712243081,0.0286594971306116
12.0194017726137,11.9829353441964,0.0364664284172989
11.8227087390065,11.8313864687896,-0.00867772978307357
11.8222096433547,11.8350162104899,-0.0128065671351667
11.9161983980395,11.8310227689398,0.0851756290997443
11.7326117356721,11.6952553550628,0.037356380609344
12.1067338490724,12.1704506492207,-0.0637168001483026
12.1373315216792,12.1749946899593,-0.0376631682801598
12.4751719535252,12.5529300547979,-0.0777581012727389
11.3542558759866,11.5617251529038,-0.207469276917227
12.5617789657841,12.5245300130057,0.0372489527783433
11.8197168594735,11.7981119259726,0.0216049335009156
11.6814546905913,11.6262630788088,0.055191611782476
11.6451018824861,11.7400690056497,-0.0949671231636042
12.2806297151427,12.2783979582618,0.00223175688090116
12.2718199546348,12.345838935722,-0.0740189810872103
11.9080050732111,11.8494048444231,0.0586002287880198
11.4655605959406,11.4075760603618,0.0579845355787949
12.4109456204997,12.4568352549204,-0.0458896344206483
12.131331806476,12.2404789031537,-0.109147096677741
12.246360331356,12.0776766157578,0.168683715598148
11.7443098347105,11.7158744721989,0.0284353625115941
12.6931016941831,12.7367038377645,-0.0436021435814347
11.7866751047117,11.7280449090708,0.0586301956409248
12.3500525378121,12.3149315347371,0.0351210030749964
12.0197325650644,12.1001619785669,-0.0804294135024932
11.8592723824188,11.7558794866871,0.103392895731673
11.8814929653576,11.8240872195876,0.0574057457699269
12.224953910416,12.5244209165425,-0.299467006126548
11.8687090816156,11.8775755229785,-0.00886644136284964
11.8960310282082,11.8635893788121,0.0324416493960609
12.4990825735366,12.5098777898919,-0.0107952163553655
11.8687842561587,11.8494048444231,0.0193794117356436
11.5828832351408,11.6868871754197,-0.104003940278908
12.1247420048877,12.1167003018326,0.00804170305509544
12.1041907885604,12.1659847564885,-0.0617939679281303
11.823686314853,11.8758379151571,-0.052151600304164
11.4558439174227,11.0744360065396,0.381407910883002
12.0834530248437,12.1361918799819,-0.0527388551382053
12.0012352298904,11.9829353441964,0.0182998856939545
12.0250207026597,12.0668163253066,-0.0417956226468803
11.6933310109103,11.6994133306336,-0.00608231972334572
12.8385202739792,12.8856734873438,-0.047153213364588
11.8495255641708,11.9163952504121,-0.0668696862413558
12.1180378214887,12.1909640838494,-0.0729262623606619
12.2362179630179,12.1600339426172,0.0761840204007083
11.8917159314509,11.9137196814285,-0.0220037499775643
12.6710832941009,12.6443308022626,0.0267524918383213
11.594445598382,11.7035540890075,-0.109108490625529
12.154124586438,12.0984930027635,0.0556315836744901
11.7189175320033,11.7675754352517,-0.0486579032484276
11.9220509202437,11.9697235333459,-0.0476726131021756
12.4967738048857,12.3883983689821,0.108375435903586
11.5595747638222,11.6262630788088,-0.0666883149866138
11.3917923570952,11.4295547255373,-0.0377623684420847
11.782421900626,11.8204175176323,-0.0379956170063522
12.4833857849913,12.5675545176554,-0.0841687326641356
11.7654453497387,11.8844959179307,-0.119050568191936
11.6653116400623,11.3445186475948,0.320792992467521
12.1737297789275,12.1281165094513,0.0456132694762736
12.0567812379586,12.072546967175,-0.0157657292164082
12.2485645001517,12.254867571593,-0.00630307144137809
12.4896276481033,12.4931332749262,-0.00350562682295852
11.8296135274313,11.8644692670879,-0.0348557396566047
11.8821938423851,11.9015902344,-0.0193963920149702
